dataset,E,A,p,silhouette_score,davies_bouldin_score,calinski_harabasz_score,n_clusters_found,method,inertia,error,combination
Moons,Euclidean,Mean,,0.4909962103863311,0.8064257487302143,409.6071377924521,2,Standard_KMeans,252.68258395161035,,Standard_KMeans
Moons,E_LK,A2,0.1,0.2299666909635448,0.8424495918440378,353.6017884192474,2,Fuzzy_Equivalence,,,E_LK_A2_p0.1
Moons,E_LK,A2,1.0,0.22593499629263286,0.766274946964183,388.80001062839534,2,Fuzzy_Equivalence,,,E_LK_A2_p1.0
Moons,E_LK,A2,4.0,0.2521746234501306,0.5904300395331535,504.7356761331371,2,Fuzzy_Equivalence,,,E_LK_A2_p4.0
Moons,E_LK,A3,,0.165488677194865,1.1563573531939926,259.6705910647449,2,Fuzzy_Equivalence,,,E_LK_A3
Moons,E_LK,A4,,0.3669763432119532,0.3761925407343739,786.3855417717223,2,Fuzzy_Equivalence,,,E_LK_A4
Moons,E_GG,A2,0.1,0.4338077490427677,1.560562144631687,271.01703762760667,2,Fuzzy_Equivalence,,,E_GG_A2_p0.1
Moons,E_GG,A2,1.0,0.32148879857334073,1.008346200183507,300.954522483641,2,Fuzzy_Equivalence,,,E_GG_A2_p1.0
Moons,E_GG,A2,4.0,0.29834308012800637,0.567256058027936,376.2848436408429,2,Fuzzy_Equivalence,,,E_GG_A2_p4.0
Moons,E_GG,A3,,0.2937794158869723,1.7032531152656847,218.647292853559,2,Fuzzy_Equivalence,,,E_GG_A3
Moons,E_GG,A4,,0.3773041138641014,0.31343928510132923,487.3868426749285,2,Fuzzy_Equivalence,,,E_GG_A4
Moons,E_GD,A2,0.1,0.4338077490427677,1.560562144631687,271.01703762760667,2,Fuzzy_Equivalence,,,E_GD_A2_p0.1
Moons,E_GD,A2,1.0,0.32148879857334073,1.008346200183507,300.954522483641,2,Fuzzy_Equivalence,,,E_GD_A2_p1.0
Moons,E_GD,A2,4.0,0.29834308012800637,0.567256058027936,376.2848436408429,2,Fuzzy_Equivalence,,,E_GD_A2_p4.0
Moons,E_GD,A3,,0.2937794158869723,1.7032531152656847,218.647292853559,2,Fuzzy_Equivalence,,,E_GD_A3
Moons,E_GD,A4,,0.3773041138641014,0.31343928510132923,487.3868426749285,2,Fuzzy_Equivalence,,,E_GD_A4
Moons,E_FD,A2,0.1,0.22996669096354475,0.8424495918440378,353.6017884192474,2,Fuzzy_Equivalence,,,E_FD_A2_p0.1
Moons,E_FD,A2,1.0,0.22593499629263286,0.766274946964183,388.80001062839534,2,Fuzzy_Equivalence,,,E_FD_A2_p1.0
Moons,E_FD,A2,4.0,0.2521746234501306,0.5904300395331535,504.7356761331371,2,Fuzzy_Equivalence,,,E_FD_A2_p4.0
Moons,E_FD,A3,,0.165488677194865,1.1563573531939926,259.6705910647449,2,Fuzzy_Equivalence,,,E_FD_A3
Moons,E_FD,A4,,0.3669763432119532,0.3761925407343739,786.3855417717223,2,Fuzzy_Equivalence,,,E_FD_A4
Moons,E_LK_R,A2,0.1,0.15041543284135314,1.3061585877174888,342.1255439090333,2,Fuzzy_Equivalence,,,E_LK_R_A2_p0.1
Moons,E_LK_R,A2,1.0,0.16739105702560425,1.1346552910625491,393.9060229091322,2,Fuzzy_Equivalence,,,E_LK_R_A2_p1.0
Moons,E_LK_R,A2,4.0,0.23685848245987506,0.8583018586736546,520.8949928489013,2,Fuzzy_Equivalence,,,E_LK_R_A2_p4.0
Moons,E_LK_R,A3,,0.08334286773121827,1.6122125588114469,278.640780863811,2,Fuzzy_Equivalence,,,E_LK_R_A3
Moons,E_LK_R,A4,,0.31987797478078905,0.657098023313652,677.1233576020255,2,Fuzzy_Equivalence,,,E_LK_R_A4
Moons,E_GG_R,A2,0.1,0.0,inf,0.0,0,Fuzzy_Equivalence,,Unknown fuzzy equivalence function: E_GG_R,E_GG_R_A2_p0.1
Moons,E_GG_R,A2,1.0,0.0,inf,0.0,0,Fuzzy_Equivalence,,Unknown fuzzy equivalence function: E_GG_R,E_GG_R_A2_p1.0
Moons,E_GG_R,A2,4.0,0.0,inf,0.0,0,Fuzzy_Equivalence,,Unknown fuzzy equivalence function: E_GG_R,E_GG_R_A2_p4.0
Moons,E_GG_R,A3,,0.0,inf,0.0,0,Fuzzy_Equivalence,,Unknown fuzzy equivalence function: E_GG_R,E_GG_R_A3
Moons,E_GG_R,A4,,0.0,inf,0.0,0,Fuzzy_Equivalence,,Unknown fuzzy equivalence function: E_GG_R,E_GG_R_A4
Moons,E_GD_R,A2,0.1,0.6242354289420343,1.3683037526486512,211.54428009317465,2,Fuzzy_Equivalence,,,E_GD_R_A2_p0.1
Moons,E_GD_R,A2,1.0,0.5641896782444412,0.8238539816104679,243.06824390738572,2,Fuzzy_Equivalence,,,E_GD_R_A2_p1.0
Moons,E_GD_R,A2,4.0,0.5981848636784394,0.39156752500208536,340.52553281386486,2,Fuzzy_Equivalence,,,E_GD_R_A2_p4.0
Moons,E_GD_R,A3,,0.4736618278645466,1.5215537092277307,152.93819996297523,2,Fuzzy_Equivalence,,,E_GD_R_A3
Moons,E_GD_R,A4,,0.7493735487334999,0.12615425399320473,620.4836448848148,2,Fuzzy_Equivalence,,,E_GD_R_A4
Moons,E_FD_R,A2,0.1,0.2831578343912974,0.8659616152084548,343.7864488219381,2,Fuzzy_Equivalence,,,E_FD_R_A2_p0.1
Moons,E_FD_R,A2,1.0,0.2717074533438548,0.7144562435276707,416.7344516435321,2,Fuzzy_Equivalence,,,E_FD_R_A2_p1.0
Moons,E_FD_R,A2,4.0,0.33398405882597837,0.440595889026977,675.8648983781438,2,Fuzzy_Equivalence,,,E_FD_R_A2_p4.0
Moons,E_FD_R,A3,,0.18764206573383171,1.2383383707451503,244.24208168476812,2,Fuzzy_Equivalence,,,E_FD_R_A3
Moons,E_FD_R,A4,,0.5483838928900093,0.19057411631019183,1540.9123972085656,2,Fuzzy_Equivalence,,,E_FD_R_A4
Moons,E_3,A2,0.1,0.5705481933970011,1.4225071495094563,241.8079973813942,2,Fuzzy_Equivalence,,,E_3_A2_p0.1
Moons,E_3,A2,1.0,0.4870937398059385,0.8825314975245535,269.56116363284406,2,Fuzzy_Equivalence,,,E_3_A2_p1.0
Moons,E_3,A2,4.0,0.48667802211149214,0.45696951408377207,347.9391859284304,2,Fuzzy_Equivalence,,,E_3_A2_p4.0
Moons,E_3,A3,,0.42852304409461434,1.5671484403084701,183.19961673011056,2,Fuzzy_Equivalence,,,E_3_A3
Moons,E_3,A4,,0.6068097512486019,0.19791455474063677,519.9693480677512,2,Fuzzy_Equivalence,,,E_3_A4
Moons,E_4,A2,0.1,0.6545194786529581,1.3377285283192886,186.82645312451282,2,Fuzzy_Equivalence,,,E_4_A2_p0.1
Moons,E_4,A2,1.0,0.6041931883093485,0.7933731621416817,217.4674744741622,2,Fuzzy_Equivalence,,,E_4_A2_p1.0
Moons,E_4,A2,4.0,0.6478280978520787,0.36235225308659996,315.78176749950524,2,Fuzzy_Equivalence,,,E_4_A2_p4.0
Moons,E_4,A3,,0.5056144640238069,1.4892783191678722,132.5581034915528,2,Fuzzy_Equivalence,,,E_4_A3
Moons,E_4,A4,,0.8063635631705562,0.09746800511549183,649.5495286445465,2,Fuzzy_Equivalence,,,E_4_A4
Moons,E_5,A2,0.1,0.31912724147188487,1.6763450218942397,269.929263095822,2,Fuzzy_Equivalence,,,E_5_A2_p0.1
Moons,E_5,A2,1.0,0.21790789511115616,1.0869238533315329,312.7825134726163,2,Fuzzy_Equivalence,,,E_5_A2_p1.0
Moons,E_5,A2,4.0,0.2133421307305707,0.6171391127854936,402.08167985891475,2,Fuzzy_Equivalence,,,E_5_A2_p4.0
Moons,E_5,A3,,0.18913915429238812,1.8089503491996082,228.2812538570835,2,Fuzzy_Equivalence,,,E_5_A3
Moons,E_5,A4,,0.27575785400649966,0.36489735746345864,501.6697295946162,2,Fuzzy_Equivalence,,,E_5_A4
Moons,E_6,A2,0.1,0.1643374321355717,1.1388159458655442,348.8175866774453,2,Fuzzy_Equivalence,,,E_6_A2_p0.1
Moons,E_6,A2,1.0,0.17469351633470984,1.0270558382429678,386.829599114009,2,Fuzzy_Equivalence,,,E_6_A2_p1.0
Moons,E_6,A2,4.0,0.22524939859673973,0.8056588905168327,493.2800867185064,2,Fuzzy_Equivalence,,,E_6_A2_p4.0
Moons,E_6,A3,,0.10298372807778854,1.4492084801346956,275.54777566642764,2,Fuzzy_Equivalence,,,E_6_A3
Moons,E_6,A4,,0.3081145443197821,0.6049031963512406,653.8068777625095,2,Fuzzy_Equivalence,,,E_6_A4
